{
    "39148__jobro__piano-ff-001.wav": 27.688632383962165,
    "39149__jobro__piano-ff-002.wav": 29.355632717758926,
    "39150__jobro__piano-ff-003.wav": 31.125763010499938,
    "39151__jobro__piano-ff-004.wav": 33.02361775350482,
    "39152__jobro__piano-ff-005.wav": 34.935420978190564,
    "39153__jobro__piano-ff-006.wav": 37.10503403090744,
    "39154__jobro__piano-ff-007.wav": 39.29548520737106,
    "39155__jobro__piano-ff-008.wav": 41.6326838530381,
    "39156__jobro__piano-ff-009.wav": 44.13975967031843,
    "39157__jobro__piano-ff-010.wav": 46.63920885469785,
    "39158__jobro__piano-ff-011.wav": 49.490413338083606,
    "39159__jobro__piano-ff-012.wav": 52.35596248236336,
    "39160__jobro__piano-ff-013.wav": 55.42154854154142,
    "39161__jobro__piano-ff-014.wav": 58.695679821060715,
    "39162__jobro__piano-ff-015.wav": 62.20152619183954,
    "39163__jobro__piano-ff-016.wav": 65.9506614087867,
    "39164__jobro__piano-ff-017.wav": 69.96216363372514,
    "39165__jobro__piano-ff-018.wav": 73.99767119404605,
    "39166__jobro__piano-ff-019.wav": 78.53211186235131,
    "39167__jobro__piano-ff-020.wav": 83.16252746673412,
    "39168__jobro__piano-ff-021.wav": 88.12081673601143,
    "39169__jobro__piano-ff-022.wav": 93.44059597120713,
    "39170__jobro__piano-ff-023.wav": 98.75421581853911,
    "39171__jobro__piano-ff-024.wav": 104.78873332097112,
    "39172__jobro__piano-ff-025.wav": 110.86656045864999,
    "39173__jobro__piano-ff-026.wav": 117.33079918614459,
    "39174__jobro__piano-ff-027.wav": 124.14256040105934,
    "39175__jobro__piano-ff-028.wav": 131.55206242996803,
    "39176__jobro__piano-ff-029.wav": 139.46241708020065,
    "39177__jobro__piano-ff-030.wav": 147.91794137100987,
    "39178__jobro__piano-ff-031.wav": 156.23479466818742,
    "39179__jobro__piano-ff-032.wav": 165.9408550406162,
    "39180__jobro__piano-ff-033.wav": 175.69997589882576,
    "39181__jobro__piano-ff-034.wav": 186.11692907464132,
    "39182__jobro__piano-ff-035.wav": 197.13685730891385,
    "39183__jobro__piano-ff-036.wav": 208.3268601676013,
    "39184__jobro__piano-ff-037.wav": 221.02820769819917,
    "39185__jobro__piano-ff-038.wav": 233.82053998447918,
    "39186__jobro__piano-ff-039.wav": 247.54729096414087,
    "39187__jobro__piano-ff-040.wav": 262.1385423155932,
    "39188__jobro__piano-ff-041.wav": 277.70007683001273,
    "39189__jobro__piano-ff-042.wav": 294.3882656690289,
    "39190__jobro__piano-ff-043.wav": 312.5275659003565,
    "39191__jobro__piano-ff-044.wav": 330.5823219783822,
    "39193__jobro__piano-ff-045.wav": 351.0864722185547,
    "39194__jobro__piano-ff-046.wav": 371.77422033167767,
    "39195__jobro__piano-ff-047.wav": 393.4877613692331,
    "39196__jobro__piano-ff-048.wav": 417.0743469546617,
    "39197__jobro__piano-ff-049.wav": 440.82313138808456,
    "39198__jobro__piano-ff-050.wav": 467.75879817136314,
    "39199__jobro__piano-ff-051.wav": 496.12247032711883,
    "39200__jobro__piano-ff-052.wav": 525.2541912109666,
    "39201__jobro__piano-ff-053.wav": 556.2593597330451,
    "39202__jobro__piano-ff-054.wav": 589.4850173603897,
    "39203__jobro__piano-ff-055.wav": 624.9152501213478,
    "39204__jobro__piano-ff-056.wav": 663.034054476379,
    "39205__jobro__piano-ff-057.wav": 701.1634269053876,
    "39206__jobro__piano-ff-058.wav": 744.696759702276,
    "39207__jobro__piano-ff-059.wav": 788.1967011664752,
    "39208__jobro__piano-ff-060.wav": 835.2021571048347,
    "39209__jobro__piano-ff-061.wav": 885.4295220094333,
    "39210__jobro__piano-ff-062.wav": 935.2570207728382,
    "39211__jobro__piano-ff-063.wav": 994.8270149828672,
    "39212__jobro__piano-ff-064.wav": 1052.4734122749642,
    "39213__jobro__piano-ff-085.wav": 3580.646310384067,
    "39214__jobro__piano-ff-086.wav": 3772.315296773812,
    "39215__jobro__piano-ff-087.wav": 1992.1960373463,
    "39216__jobro__piano-ff-088.wav": 4410.0
}